"","id","x","y","rent","rent_per_sqf","costs","n"
"1",24,19.170164,72.86029,23000,0.00434782608695652,23000,500
